X;Y
0;0.7728900000000001
1;0.7728900000399244
2;0.772890000635583
3;0.7728900031979129
4;0.7728900100424372
5;0.7728900243590185
6;0.7728900501826184
7;0.7728900923650274
8;0.7728901565475331
9;0.7728902491344922
10;0.7728903772677749
11;0.772890548802051
12;0.7728907722808916
13;0.7728910569136519
14;0.7728914125531138
15;0.7728918496738606
16;0.7728923793513567
17;0.7728930132417096
18;0.7728937635620933
19;0.7728946430718043
20;0.7728956650539384
21;0.7728968432976553
22;0.7728981920810242
23;0.7728997261544207
24;0.7729014607244622
25;0.7729034114384628
26;0.7729055943693898
27;0.7729080260013078
28;0.7729107232152904
29;0.7729137032757891
30;0.772916983817442
31;0.7729205828323094
32;0.7729245186575212
33;0.7729288099633264
34;0.7729334757415283
35;0.7729385352942971
36;0.7729440082233463
37;0.7729499144194604
38;0.7729562740523692
39;0.7729631075609503
40;0.7729704356437569
41;0.7729782792498575
42;0.7729866595699801
43;0.7729955980279524
44;0.773005116272427
45;0.7730152361688879
46;0.7730259797919268
47;0.7730373694177831
48;0.7730494275171426
49;0.7730621767481818
50;0.7730756399498598
51;0.7730898401354445
52;0.7731048004862693
53;0.7731205443457165
54;0.7731370952134171
55;0.7731544767396674
56;0.7731727127200515
57;0.7731918270902681
58;0.773211843921157
59;0.7732327874139178
60;0.7732546818955184
61;0.7732775518142908
62;0.7733014217357047
63;0.7733263163383204
64;0.7733522604099128
65;0.7733792788437683
66;0.7734073966351434
67;0.7734366388778886
68;0.7734670307612301
69;0.773498597566708
70;0.7735313646652675
71;0.7735653575144984
72;0.7736006016560238
73;0.7736371227130313
74;0.7736749463879468
75;0.7737140984602453
76;0.7737546047844022
77;0.7737964912879737
78;0.7738397839698119
79;0.773884508898409
80;0.7739306922103684
81;0.7739783601090001
82;0.7740275388630414
83;0.7740782548054975
84;0.7741305343325994
85;0.7741844039028836
86;0.7742398900363836
87;0.7742970193139372
88;0.7743558183766058
89;0.7744163139252026
90;0.7744785327199333
91;0.7745425015801399
92;0.7746082473841557
93;0.774675797069259
94;0.7747451776317349
95;0.7748164161270371
96;0.7748895396700488
97;0.7749645754354462
98;0.7750415506581563
99;0.7751204926339149
100;0.7752014287199176
101;0.7752843863355681
102;0.7753693929633171
103;0.7754564761495958
104;0.77554566350584
105;0.7756369827096053
106;0.775730461505771
107;0.7758261277078328
108;0.7759240091992841
109;0.7760241339350827
110;0.7761265299432062
111;0.7762312253262885
112;0.7763382482632853
113;0.7764476270113665
114;0.776559389907804
115;0.7766735653719217
116;0.7767901819071482
117;0.7769092681031536
118;0.7770308526380657
119;0.7771549642807665
120;0.7772816318932673
121;0.7774108844331653
122;0.7775427509561759
123;0.7776772606187448
124;0.777814442680738
125;0.7779543265082082
126;0.7780969415762387
127;0.7782423174718655
128;0.7783904838970727
129;0.778541470671867
130;0.7786953077374278
131;0.7788520251593316
132;0.7790116531308536
133;0.7791742219763446
134;0.7793397621546829
135;0.7795083042628026
136;0.7796798790392964
137;0.7798545173680944
138;0.7800322502822186
139;0.7802131089676124
140;0.7803971247670469
141;0.7805843291841019
142;0.7807747538872242
143;0.780968430713861
144;0.7811653916746715
145;0.7813656689578141
146;0.7815692949333114
147;0.7817763021574928
148;0.7819867233775154
149;0.7822005915359638
150;0.7824179397755273
151;0.7826388014437587
152;0.7828632100979128
153;0.7830911995098637
154;0.7833228036711075
155;0.7835580567978425
156;0.7837969933361366
157;0.7840396479671747
158;0.7842860556125935
159;0.7845362514398996
160;0.7847902708679756
161;0.7850481495726711
162;0.7853099234924844
163;0.7855756288343321
164;0.7858453020794087
165;0.7861189799891384
166;0.7863966996112194
167;0.7866784982857616
168;0.7869644136515195
169;0.7872544836522207
170;0.7875487465429948
171;0.7878472408968968
172;0.7881500056115355
173;0.7884570799158007
174;0.7887685033766954
175;0.7890843159062721
176;0.7894045577686772
177;0.7897292695873016
178;0.7900584923520424
179;0.7903922674266763
180;0.7907306365563467
181;0.7910736418751645
182;0.791421325913928
183;0.7917737316079606
184;0.7921309023050702
185;0.7924928817736305
186;0.792859714210789
187;0.7932314442508
188;0.7936081169734891
189;0.7939897779128474
190;0.7943764730657595
191;0.7947682489008683
192;0.7951651523675775
193;0.7955672309051932
194;0.795974532452211
195;0.7963871054557459
196;0.796804998881112
197;0.7972282622215501
198;0.7976569455081102
199;0.798091099319688
200;0.79853077479322
201;0.7989760236340386
202;0.7994268981263916
203;0.7998834511441251
204;0.8003457361615394
205;0.8008138072644115
206;0.8012877191611965
207;0.8017675271944017
208;0.8022532873521452
209;0.8027450562798948
210;0.8032428912923929
211;0.8037468503857715
212;0.8042569922498591
213;0.8047733762806814
214;0.8052960625931602
215;0.8058251120340154
216;0.8063605861948685
217;0.8069025474255553
218;0.8074510588476493
219;0.808006184368196
220;0.8085679886936689
221;0.8091365373441403
222;0.8097118966676798
223;0.8102941338549771
224;0.8108833169541946
225;0.811479514886054
226;0.8120827974591585
227;0.8126932353855559
228;0.8133109002965421
229;0.8139358647587136
230;0.8145682022902676
231;0.8152079873775556
232;0.8158552954918937
233;0.8165102031066298
234;0.8171727877144771
235;0.8178431278451093
236;0.818521303083029
237;0.8192073940857048
238;0.8199014826019869
239;0.8206036514907993
240;0.8213139847401137
241;0.8220325674862118
242;0.8227594860332303
243;0.8234948278730025
244;0.8242386817051894
245;0.824991137457712
246;0.8257522863074802
247;0.826522220701427
248;0.8273010343778482
249;0.8280888223880486
250;0.8288856811183035
251;0.8296917083121294
252;0.8305070030928743
253;0.8313316659866271
254;0.8321657989454452
255;0.8330095053709095
256;0.8338628901380032
257;0.8347260596193177
258;0.8355991217095913
259;0.8364821858505769
260;0.8373753630562444
261;0.8382787659383184
262;0.8391925087321521
263;0.8401167073229395
264;0.8410514792722672
265;0.841996943845004
266;0.8429532220365356
267;0.8439204366003372
268;0.8448987120758905
269;0.8458881748169417
270;0.8468889530201037
271;0.8479011767537984
272;0.8489249779875437
273;0.8499604906215781
274;0.8510078505168296
275;0.8520671955252213
276;0.8531386655203158
277;0.8542224024282946
278;0.8553185502592726
279;0.8564272551389431
280;0.8575486653405529
281;0.8586829313172012
282;0.8598302057344623
283;0.8609906435033258
284;0.8621644018134512
285;0.8633516401667314
286;0.8645525204111599
287;0.865767206774998
288;0.8669958659012318
289;0.8682386668823174
290;0.8694957812952031
291;0.870767383236621
292;0.8720536493586426
293;0.8733547589044875
294;0.8746708937445739
295;0.8760022384128036
296;0.8773489801430686
297;0.8787113089059679
298;0.8800894174457219
299;0.8814835013172707
300;0.8828937589235437
301;0.8843203915528823
302;0.8857636034166028
303;0.8872236016866806
304;0.8887005965335383
305;0.8901948011639177
306;0.8917064318588187
307;0.8932357080114789
308;0.8947828521653748
309;0.8963480900522218
310;0.8979316506299434
311;0.8995337661205877
312;0.901154672048162
313;0.9027946072763553
314;0.9044538140461187
315;0.9061325380130704
316;0.9078310282846938
317;0.9095495374572904
318;0.9112883216526495
319;0.9130476405543971
320;0.9148277574439818
321;0.9166289392362544
322;0.9184514565145941
323;0.9202955835655352
324;0.9221615984128426
325;0.9240497828509867
326;0.9259604224779556
327;0.927893806727356
328;0.9298502288997336
329;0.9318299861930567
330;0.9338333797322909
331;0.9358607145979992
332;0.9379122998538949
333;0.9399884485732672
334;0.9420894778642049
335;0.9442157088935323
336;0.9463674669093717
337;0.9485450812622389
338;0.9507488854245821
339;0.9529792170086571
340;0.9552364177826436
341;0.9575208336848873
342;0.9598328148361586
343;0.9621727155498081
344;0.9645408943396957
345;0.9669377139257636
346;0.9693635412371205
347;0.9718187474124952
348;0.9743037077979119
349;0.9768188019414366
350;0.9793644135848322
351;0.9819409306519585
352;0.9845487452337403
353;0.9871882535695238
354;0.9898598560246327
355;0.9925639570639242
356;0.9953009652211425
357;0.9980712930638513
358;1.0008753571537246
359;1.0037135780019595
360;1.0065863800195731
361;1.0094941914623219
362;1.0124374443699842
363;1.0154165744997325
364;1.0184320212533002
365;1.021484227597651
366;1.0245736399788372
367;1.027700708228715
368;1.0308658854641917
369;1.034069627978635
370;1.0373123951250909
371;1.0405946491909173
372;1.0439168552634386
373;1.0472794810862052
374;1.05068299690542
375;1.0541278753060879
376;1.0576145910374093
377;1.061143620826936
378;1.0647154431829722
379;1.0683305381846946
380;1.0719893872594346
381;1.0756924729465474
382;1.0794402786472685
383;1.08323328835993
384;1.0870719863998892
385;1.090956857103486
386;1.094888384515333
387;1.0988670520581898
388;1.1028933421846703
389;1.106967736009974
390;1.111090712924818
391;1.1152627501877093
392;1.119484322495647
393;1.1237559015323322
394;1.128077955492895
395;1.1324509485841423
396;1.1368753404992533
397;1.1413515858658356
398;1.145880133666191
399;1.1504614266286015
400;1.1550959005883965
401;1.159783983817512
402;1.1645260963211954
403;1.1693226491004645
404;1.1741740433788572
405;1.1790806697919716
406;1.1840429075382086
407;1.189061123489091
408;1.1941356712574451
409;1.199266890221676
410;1.204455104504297
411;1.209700621902785
412;1.2150037327707754
413;1.2203647088475167
414;1.2257838020334308
415;1.2312612431095353
416;1.2367972403983936
417;1.2423919783641746
418;1.2480456161492994
419;1.2537582860450613
420;1.2595300918934962
421;1.2653611074176876
422;1.2712513744775689
423;1.2772009012481798
424;1.2832096603172258
425;1.2892775866986521
426;1.2954045757588462
427;1.3015904810519383
428;1.3078351120605514
429;1.3141382318382218
430;1.3204995545495672
431;1.326918742904162
432;1.3333954054799242
433;1.3399290939316846
434;1.3465193000804732
435;1.3531654528789065
436;1.3598669152479275
437;1.3666229807799988
438;1.3734328703037195
439;1.3802957283046957
440;1.3872106191973599
441;1.3941765234423142
442;1.4011923335036462
443;1.4082568496405607
444;1.4153687755275728
445;1.422526713697418
446;1.4297291608007783
447;1.436974502676869
448;1.4442610092289159
449;1.4515868290985643
450;1.4589499841333033
451;1.4663483636410757
452;1.4737797184263872
453;1.4812416546024112
454;1.4887316271738567
455;1.4962469333856911
456;1.5037847058332523
457;1.5113419053297892
458;1.5189153135281375
459;1.5265015252940195
460;1.534096940829372
461;1.5416977575452595
462;1.5492999616852248
463;1.5568993197014993
464;1.5644913693883202
465;1.5720714107787124
466;1.5796344968135803
467;1.587175423794803
468;1.5946887216373338
469;1.6021686439390828
470;1.6096091578917495
471;1.6170039340607194
472;1.6243463360678472
473;1.6316294102174111
474;1.638845875112856
475;1.6459881113202461
476;1.6530481511437096
477;1.6600176685886745
478;1.6668879696004708
479;1.673649982679032
480;1.6802942499850122
481;1.6868109190687919
482;1.6931897353715955
483;1.6994200356673623
484;1.7054907426350878
485;1.7113903607740741
486;1.7171069738987823
487;1.7226282444755938
488;1.727941415090509
489;1.7330333123642423
490;1.7378903536587673
491;1.7424985555520416
492;1.7468435516182648
493;1.7509106053293413
494;1.7546846334318726
495;1.7581502326463412
496;1.761291711698544
497;1.764093129140753
498;1.766538337405984
499;1.7686110335108163
500;1.7702948167779675
501;1.771573253887055
502;1.7724299514785908
503;1.7728486364307035
504;1.7728132437994069
505;1.7723080122614052
506;1.7713175867688031
507;1.7698271277976774
508;1.7678224264938323
509;1.7652900248139334
510;1.7622173395174088
511;1.7585927883024373
512;1.7544059170072963
513;1.749647525799017
514;1.744309792526211
515;1.7383863912472233
516;1.731872603902445
517;1.7247654218575177
518;1.7170636417020086
519;1.7087679407924727
520;1.6998809436389717
521;1.690407271415108
522;1.6803535747585199
523;1.6697285490802107
524;1.6585429319327325
525;1.6468094823253914
526;1.6345429422073405
527;1.6217599806555956
528;1.60847912159524
529;1.5947206561357705
530;1.5805065408252394
531;1.5658602832992843
532;1.5508068169339704
533;1.5353723662001837
534;1.519584304465098
535;1.5034710059962013
536;1.4870616938996069
537;1.4703862856713719
538;1.4534752379632203
539;1.436359392067162
540;1.4190698215117123
541;1.401637683040239
542;1.384094071574769
543;1.3664698826609283
544;1.3487956786387891
545;1.3311015633623915
546;1.3134170649164592
547;1.2957710260554092
548;1.2781915032565583
549;1.2607056751096213
550;1.243339760461419
551;1.2261189419472713
552;1.20906730442349
553;1.1922077785867673
554;1.1755620945590577
555;1.1591507442140054
556;1.142992951992509
557;1.127106653909493
558;1.111508484414982
559;1.0962137707394053
560;1.0812365343252415
561;1.0665894989240416
562;1.0522841049192264
563;1.038330529420283
564;1.0247377116640508
565;1.011513383246693
566;0.9986641027099117
567;0.9861952940038412
568;0.9741112883458959
569;0.9624153690002444
570;0.9511098185087136
571;0.9401959679126617
572;0.9296742475166307
573;0.9195442387584285
574;0.9098047267666397
575;0.9004537532054614
576;0.8914886690279559
577;0.8829061867809995
578;0.8747024321362823
579;0.8668729939380867
580;0.8594129745321025
581;0.852317036045461
582;0.8455794465083888
583;0.8391941235898421
584;0.8331546756178623
585;0.8274544427260023
586;0.8220865320947678
587;0.817043853265281
588;0.812319150761965
589;0.8079050329531654
590;0.803794000758993
591;0.7999784724549898
592;0.7964508066867253
593;0.7932033233185587
594;0.7902283222277229
595;0.7875181001508413
596;0.7850649657441472
597;0.7828612527441324
598;0.7808993318553917
599;0.779171620955899
600;0.7776705940311063
601;0.7763887888976377
602;0.7753188138329468
603;0.7744533532227608
604;0.7737851723348921
605;0.7733071213197286
606;0.7730121385260321
607;0.7728932532182076
608;0.7729435877720919
609;0.7731563594188074
610;0.7735248815989101
611;0.774042564982051
612;0.7747029182007091
613;0.7754995483404826
614;0.7764261612234761
615;0.7774765615156338
616;0.7786446526848922
617;0.7799244368322336
618;0.7813100144140017
619;0.7827955838704783
620;0.7843754411728108
621;0.7860439792978764
622;0.7877956876385583
623;0.7896251513551589
624;0.7915270506722933
625;0.7934961601247591
626;0.7955273478128964
627;0.7976155744124567
628;0.7997558923798735
629;0.8019434449233437
630;0.8041734651898031
631;0.8064412750728241
632;0.8087422841522874
633;0.8110719885876511
634;0.8134259699523104
635;0.8157998940256018
636;0.818189509544503
637;0.8205906469170324
638;0.8229992168996485
639;0.8254112092413269
640;0.8278226912974164
641;0.8302298066168037
642;0.832628773506365
643;0.8350158835771341
644;0.8373875002770909
645;0.8397400574159397
646;0.8420700576877358
647;0.8443740711977172
648;0.8466487340002045
649;0.8488907466549614
650;0.8510968728099634
651;0.8532639378190695
652;0.8553888274037128
653;0.8574684863683307
654;0.8594999173799233
655;0.8614801798227987
656;0.8634063887403307
657;0.8652757138762788
658;0.8670853788290656
659;0.868832660333247
660;0.8705148876833143
661;0.8721294423159123
662;0.8736737575675504
663;0.8751453186258923
664;0.8765416626937971
665;0.8778603793863606
666;0.8790991113823156
667;0.880255556126542
668;0.8813274648151362
669;0.8823126461157432
670;0.8832089673747947
671;0.8840143568996336
672;0.8847268066456968
673;0.885344375337027
674;0.8858651920489015
675;0.8862874602816673
676;0.8866094625548705
677;0.886829565550412
678;0.8869462258326815
679;0.8869579961723485
680;0.8868635323854348
681;0.886661601125775
682;0.8863510881091027
683;0.8859310070869939
684;0.8854005083634966
685;0.884758892497931
686;0.8840056178804777
687;0.8831403136604026
688;0.882162792129629
689;0.8810730617327454
690;0.8798713406580853
691;0.8785580709510301
692;0.8771339330759965
693;0.8755998608378929
694;0.8739570565573366
695;0.872207006376831
696;0.8703514955578188
697;0.8683926236113241
698;0.8663328190883002
699;0.8641748538402877
700;0.8619218565470486
701;0.8595773252961334
702;0.8571451389898203
703;0.8546295673511143
704;0.8520352792968102
705;0.8493673494476305
706;0.8466312625542537
707;0.843832915629481
708;0.8409786175939279
709;0.8380750862647416
710;0.8351294425437935
711;0.8321492016931604
712;0.8291422616210292
713;0.8261168881396967
714;0.8230816971983939
715;0.8200456341363676
716;0.8170179500461585
717;0.8140081761907576
718;0.8110260925170929
719;0.8080816988493896
720;0.8051851805423592
721;0.8023468731552923
722;0.7995772255919718
723;0.7968867620382772
724;0.7942860430484044
725;0.791785626132973
726;0.7893960263595509
727;0.7871276768395513
728;0.7849908901941945
729;0.7829958207225493
730;0.7811524280153103
731;0.7794704420432768
732;0.7779593305947704
733;0.7766282679669688
734;0.7754861067634596
735;0.774541352034458
736;0.773802138141829
737;0.7732762084681466
738;0.7729708980511896
739;0.7728931191872742
740;0.7730493500097345
741;0.773445626012158
742;0.7740875344508403
743;0.7749802115277376
744;0.7761283422242555
745;0.77753616262786
746;0.7792074645680349
747;0.781145602355846
748;0.783353501402508
749;0.78583366847715
750;0.788588203352553
751;0.7916188115801773
752;0.7949268181323677
753;0.7985131818210993
754;0.802378509392648
755;0.8065230707040107
756;0.8109468131352141
757;0.8156493757968378
758;0.8206301031821028
759;0.825888057985527
760;0.8314220332248483
761;0.8372305633080424
762;0.843311933868896
763;0.8496641904727351
764;0.856285146697816
765;0.8631723887159536
766;0.8703232817049731
767;0.8777349732024264
768;0.8854043957582801
769;0.8933282685139353
770;0.9015030978181352
771;0.9099251769938084
772;0.918590585388734
773;0.9274951868426607
774;0.9366346283791138
775;0.9460043359469215
776;0.9555995139543572
777;0.9654151421890117
778;0.9754459735020455
779;0.9856865317439941
780;0.9961311100725573
781;1.0067737697341026
782;1.0176083394286275
783;1.0286284153292802
784;1.0398273618336202
785;1.0511983131030815
786;1.0627341754351156
787;1.0744276304996223
788;1.0862711394588809
789;1.0982569479784834
790;1.1103770921258467
791;1.1226234051418977
792;1.1349875250649948
793;1.1474609031766967
794;1.1600348132299945
795;1.172700361416891
796;1.1854484970264731
797;1.1982700237404666
798;1.211155611510009
799;1.224095808955044
800;1.2370810562261063
801;1.2501016982673687
802;1.2631479984196288
803;1.2762101523021898
804;1.2892783019134724
805;1.3023425498914554
806;1.3153929738767074
807;1.3284196409227451
808;1.3414126219007168
809;1.3543620058478554
810;1.3672579142118604
811;1.3800905149462412
812;1.392850036414984
813;1.4055267806378817
814;1.4181111378893863
815;1.4305935985507934
816;1.4429647664302858
817;1.4552153710827778
818;1.467336279815829
819;1.47931850928566
820;1.4911532366439195
821;1.5028318105925578
822;1.5143457608002524
823;1.525686808550091
824;1.536846875702115
825;1.547818093490584
826;1.55859281081434
827;1.56916360201576
828;1.579523274145074
829;1.5896648737082608
830;1.5995816928982203
831;1.6092672753102706
832;1.6187154211443693
833;1.6279201918976647
834;1.6368759145521516
835;1.6455771852632517
836;1.654018872556131
837;1.662196120037474
838;1.6701043486312594
839;1.6777392583478394
840;1.6850968295963196
841;1.6921733240508576
842;1.698965285082063
843;1.705469537765177
844;1.7116831884771688
845;1.7176036240952677
846;1.723228510809799
847;1.7285557925644857
848;1.7335836891376246
849;1.7383106938777557
850;1.742735571107606
851;1.7468573532102167
852;1.7506753374112571
853;1.7541890822715798
854;1.7573984039041026
855;1.7603033719290897
856;1.7629043051818791
857;1.7652017671870326
858;1.767196561412807
859;1.76888972631973
860;1.7702825302169356
861;1.7713764659397582
862;1.772173245361917
863;1.7726747937554306
864;1.7728832440111961
865;1.7728009307329469
866;1.7724303842170652
867;1.7717743243304844
868;1.7708356542986456
869;1.7696174544152117
870;1.7681229756849568
871;1.7663556334109602
872;1.7643190007369374
873;1.7620168021552363
874;1.7594529069907159
875;1.756631322870411
876;1.753556189188563
877;1.750231770576277
878;1.7466624503847366
879;1.7428527241905742
880;1.7388071933316795
881;1.7345305584813722
882;1.7300276132685577
883;1.7253032379511368
884;1.7203623931496155
885;1.7152101136475306
886;1.7098515022649752
887;1.7042917238111912
888;1.6985359991218598
889;1.6925895991864137
890;1.6864578393703704
891;1.6801460737373781
892;1.6736596894753524
893;1.6670041014307837
894;1.6601847467549955
895;1.6532070796658374
896;1.6460765663280115
897;1.6387986798549492
898;1.6313788954348765
899;1.6238226855834406
900;1.6161355155250008
901;1.6083228387044368
902;1.6003900924310708
903;1.5923426936560607
904;1.5841860348843864
905;1.575925480222316
906;1.56756636156102
907;1.5591139748967964
908;1.550573576788137
909;1.5419503809496977
910;1.5332495549830147
911;1.5244762172436428
912;1.5156354338442002
913;1.5067322157926457
914;1.4977715162649425
915;1.4887582280111131
916;1.4796971808935369
917;1.4705931395562049
918;1.4614508012235121
919;1.4522747936270388
920;1.4430696730586545
921;1.4338399225481697
922;1.4245899501636479
923;1.4153240874323947
924;1.4060465878805537
925;1.3967616256891477
926;1.3874732944643253
927;1.3781856061195037
928;1.368902489867033
929;1.3596277913169377
930;1.3503652716802508
931;1.3411186070739571
932;1.331891387926307
933;1.3226871184788833
934;1.3135092163821056
935;1.3043610123826357
936;1.2952457500995944
937;1.2861665858868752
938;1.2771265887788186
939;1.2681287405165125
940;1.259175935651971
941;1.2502709817274544
942;1.2414165995271889
943;1.2326154233987578
944;1.2238700016414452
945;1.2151827969588334
946;1.2065561869729655
947;1.1979924647974176
948;1.1894938396666346
949;1.1810624376189351
950;1.1727003018964584
951;1.164409394705442
952;1.156191597092268
953;1.148048710124824
954;1.1399824558058207
955;1.1319944780248439
956;1.12408634354678
957;1.1162595430343185
958;1.1085154921022722
959;1.100855532401503
960;1.0932809327302948
961;1.08579289017106
962;1.078392531249433
963;1.0710809131161905
964;1.063859024748803
965;1.0567277881685824
966;1.049688059674201
967;1.0427406310810088
968;1.0358862309827164
969;1.0291255260379029
970;1.0224591222369064
971;1.0158875661872548
972;1.0094113464046899
973;1.0030308946083193
974;0.9967465870184763
975;0.9905587456559298
976;0.9844676396411326
977;0.9784734864922554
978;0.9725764534208007
979;0.9667766586236465
980;0.9610741725704189
981;0.9554690192851458
982;0.9499611776211849
983;0.9445505825284854
984;0.9392371263122682
985;0.9340206598822787
986;0.9289009939917949
987;0.9238779004656312
988;0.9189511134164156
989;0.9141203304484637
990;0.9093852138486167
991;0.9047453917621484
992;0.900200459331799
993;0.8957499798995313
994;0.8913934861115312
995;0.88713048139503
996;0.8829604399687787
997;0.878882809029538
998;0.8748970094513843
999;0.8710024368370856
1000;0.8671984625522083
1001;0.8634844347417017
1002;0.8598596793287545
1003;0.8563235009957366
1004;0.8528751841470763
1005;0.8495139938539371
1006;0.8462391767805899
1007;0.8430499620924041
1008;0.8399455623453985
1009;0.8369251743573124
1010;0.8339879800601893
1011;0.8311331473344711
1012;0.8283598308246308
1013;0.8256671727363861
1014;0.8230543036155462
1015;0.8205203431085786
1016;0.8180644007049738
1017;0.8156855764615203
1018;0.8133829617086027
1019;0.8111556397386588
1020;0.8090026864769351
1021;0.806923171134691
1022;0.8049161568450243
1023;0.8029807012814832
1024;0.8011158572596526
1025;0.7993206733219037
1026;0.797594194305506
1027;0.7959354618943045
1028;0.7943435151541814
1029;0.7928173910525097
1030;0.7913561249618342
1031;0.7899587511479941
1032;0.7886243032429333
1033;0.7873518147024235
1034;0.7861403192489469
1035;0.7849888512999763
1036;0.7838964463791953
1037;0.782862141505223
1038;0.7818849756086469
1039;0.7809639898871673
1040;0.7800982281645674
1041;0.7792867372365713
1042;0.7785285672038444
1043;0.7778227717923881
1044;0.7771684086615774
1045;0.7765645397000966
1046;0.7760102313100211
1047;0.7755045546792961
1048;0.7750465860428597
1049;0.7746354069326596
1050;0.774270104416807
1051;0.7739497713281123
1052;0.7736735064822474
1053;0.7734404148857698
1054;0.7732496079342523
1055;0.7731002036007504
1056;0.7729913266148417
1057;0.7729221086324707
1058;0.772891688394357
1059;0.7728992119021395
1060;0.7729438325217873
1061;0.7730247111384805
1062;0.7731410162829399
1063;0.7732919242505317
1064;0.7734766192130325
1065;0.773694293322322
1066;0.7739441468076301
1067;0.7742253880664339
1068;0.7745372336717995
1069;0.7748789086630017
1070;0.7752496464143828
1071;0.7756486887616251
1072;0.7760752860594953
1073;0.7765286972336988
1074;0.7770081898270259
1075;0.7775130400399639
1076;0.7780425327659495
1077;0.7785959616214353
1078;0.779172628970934
1079;0.7797718459472045
1080;0.7803929324667448
1081;0.781035217240745
1082;0.7816980377816563
1083;0.7823807404055301
1084;0.7830826802302696
1085;0.7838032213365949
1086;0.7845417362664284
1087;0.7852976064935919
1088;0.7860702222488
1089;0.786858982499614
1090;0.7876632949271364
1091;0.7884825758995744
1092;0.7893162504427953
1093;0.7901637522079986
1094;0.7910245234366196
1095;0.7918980149225826
1096;0.7927836859720152
1097;0.7936810043605336
1098;0.7945894462882085
1099;0.7955084963323142
1100;0.796437647397963
1101;0.7973764006667257
1102;0.7983242655433358
1103;0.7992807596005659
1104;0.8002454085223785
1105;0.8012177460454282
1106;0.802197313899011
1107;0.803183661743545
1108;0.8041763471149844
1109;0.8051749353475781
1110;0.8061789995131013
1111;0.8071881203553318
1112;0.8082018862223813
1113;0.8092198929980187
1114;0.8102417440320524
1115;0.8112670500698433
1116;0.8122954291810097
1117;0.8133265066873885
1118;0.8143599150903144
1119;0.815395293997278
1120;0.8164322900480144
1121;0.8174705568400874
1122;0.8185097548540128
1123;0.8195495513779806
1124;0.8205896204322246
1125;0.8216296426930851
1126;0.8226693054168149
1127;0.8237083023631749
1128;0.8247463337188585
1129;0.825783106020794
1130;0.8268183320822957
1131;0.8278517309111029
1132;0.8288830276320667
1133;0.8299119534131746
1134;0.8309382453887719
1135;0.8319616465828925
1136;0.8329819058327268
1137;0.8339987777122557
1138;0.8350120224560831
1139;0.8360214058834897
1140;0.8370266993227399
1141;0.8380276795356663
1142;0.8390241286425554
1143;0.8400158340473638
1144;0.8410025883632818
1145;0.8419841893386728
1146;0.8429604397834048
1147;0.8439311474956
1148;0.844896125188816
1149;0.8458551904196835
1150;0.8468081655160137
1151;0.8477548775053944
1152;0.848695158044293
1153;0.8496288433476771
1154;0.850555774119173
1155;0.851475795481773
1156;0.8523887569091038
1157;0.8532945121572723
1158;0.8541929191972994
1159;0.8550838401481508
1160;0.8559671412103796
1161;0.8568426926003879
1162;0.8577103684853185
1163;0.8585700469185862
1164;0.8594216097760567
1165;0.860264942692881
1166;0.8610999350009926
1167;0.8619264796672775
1168;0.8627444732324215
1169;0.8635538157504398
1170;0.8643544107288983
1171;0.8651461650698308
1172;0.8659289890113576
1173;0.8667027960700072
1174;0.8674675029837536
1175;0.8682230296557644
1176;0.8689692990988707
1177;0.8697062373807583
1178;0.8704337735698866
1179;0.8711518396821368
1180;0.8718603706281919
1181;0.8725593041616546
1182;0.8732485808279025
1183;0.8739281439136816
1184;0.8745979393974489
1185;0.8752579159004547
1186;0.8759080246385739
1187;0.8765482193748897
1188;0.8771784563730229
1189;0.8777986943512174
1190;0.8784088944371792
1191;0.8790090201236713
1192;0.8795990372248642
1193;0.8801789138334452
1194;0.8807486202784892
1195;0.8813081290840857
1196;0.881857414928734
1197;0.8823964546054957
1198;0.8829252269829122
1199;0.8834437129666924
1200;0.8839518954621595
1201;0.88444975933747
1202;0.8849372913876002
1203;0.885414480299104
1204;0.8858813166156383
1205;0.8863377927042673
1206;0.886783902722541
1207;0.8872196425863479
1208;0.8876450099385542
1209;0.8880600041184277
1210;0.8884646261318535
1211;0.8888588786223494
1212;0.8892427658428945
1213;0.8896162936285935
1214;0.8899794693701903
1215;0.8903323019884951
1216;0.8906748019097859
1217;0.8910069745674245
1218;0.8913288394964897
1219;0.8916404114732356
1220;0.8919417066846191
1221;0.8922327427085622
1222;0.8925135384583062
1223;0.8927841142167104
1224;0.8930444915951603
1225;0.893294693514394
1226;0.8935347441868388
1227;0.8937646690752956
1228;0.893984494919805
1229;0.8941942497153328
1230;0.894393962683329
1231;0.8945836716413441
1232;0.8947634008209256
1233;0.8949331830542742
1234;0.8950930523483973
1235;0.8952430438748384
1236;0.895383193959871
1237;0.8955135400752446
1238;0.895634120829542
1239;0.8957449759601578
1240;0.8958461463259225
1241;0.8959376739008204
1242;0.8960196040384388
1243;0.8960919785786
1244;0.8961548427964553
1245;0.8962082430609549
1246;0.8962522268312334
1247;0.8962868426535957
1248;0.8963121401590831
1249;0.8963281700616103
1250;0.8963349841566528
1251;0.8963326353210163
1252;0.8963211775361138
1253;0.8963006658407677
1254;0.8962711563591228
1255;0.896232706299326
1256;0.8961853739533201
1257;0.8961292186988482
1258;0.8960643010018358
1259;0.8959906824191151
1260;0.8959084256014713
1261;0.8958175942969746
1262;0.8957182533545728
1263;0.8956104687279087
1264;0.8954943074793312
1265;0.8953698377840633
1266;0.895237128934491
1267;0.895096251344538
1268;0.8949472765540838
1269;0.8947902772333873
1270;0.8946253271874733
1271;0.8944525013604392
1272;0.8942718758396404
1273;0.894083527859704
1274;0.8938875358063291
1275;0.893683979219824
1276;0.8934729387983348
1277;0.8932544964007101
1278;0.8930287350489579
1279;0.8927957389302378
1280;0.8925555933983425
1281;0.8923083849746098
1282;0.8920542013482167
1283;0.8917931313757984
1284;0.8915252650803417
1285;0.8912506936492943
1286;0.890969509431841
1287;0.8906818059352842
1288;0.8903876778204858
1289;0.8900872208963058
1290;0.8897805321129901
1291;0.8894677095544534
1292;0.8891488524294059
1293;0.8888240610612694
1294;0.8884934368768381
1295;0.8881570823936311
1296;0.8878151012058906
1297;0.8874675979691827
1298;0.8871146783835538
1299;0.8867564491752036
1300;0.8863930180766338
1301;0.886024493805239
1302;0.8856509860402991
1303;0.8852726053983527
1304;0.8848894634069117
1305;0.8845016724765009
1306;0.8841093458709983
1307;0.8837125976762578
1308;0.8833115427670003
1309;0.8829062967719666
1310;0.8824969760373227
1311;0.8820836975883165
1312;0.8816665790891923
1313;0.8812457388013673
1314;0.8808212955398838
1315;0.8803933686281541
1316;0.8799620768497474
1317;0.8795275414162954
1318;0.8790898829211329
1319;0.8786492222190142
1320;0.87820568048565
1321;0.8777593789987719
1322;0.8773104392705923
1323;0.876858982873698
1324;0.8764051313702527
1325;0.8759490063462815
1326;0.8754907292779811
1327;0.8750304214853961
1328;0.8745682040445025
1329;0.8741041977906182
1330;0.8736385231997573
1331;0.8731713003262418
1332;0.8727026487483507
1333;0.8722326874905737
1334;0.8717615349736583
1335;0.8712893089234185
1336;0.8708161263055662
1337;0.8703421032791729
1338;0.8698673546423789
1339;0.8693919953275594
1340;0.8689161386403268
1341;0.8684398967305899
1342;0.867963380635272
1343;0.8674867001638613
1344;0.8670099638457525
1345;0.8665332788810853
1346;0.8660567509918026
1347;0.8655804844311182
1348;0.8651045819173859
1349;0.8646291445619984
1350;0.8641542718028186
1351;0.8636800613545949
1352;0.8632066091713025
1353;0.8627340086342192
1354;0.8622623525768968
1355;0.8617917312951762
1356;0.8613222331092678
1357;0.8608539442868869
1358;0.8603869490691294
1359;0.859921329555845
1360;0.8594571657127499
1361;0.8589945352997072
1362;0.8585335138646045
1363;0.8580741747011514
1364;0.8576165888333901
1365;0.8571608249432041
1366;0.8567069494199264
1367;0.8562550262572106
1368;0.8558051171217324
1369;0.855357280672607
1370;0.85491157434218
1371;0.8544680525902105
1372;0.8540267674426952
1373;0.8535877685101408
1374;0.8531511029730621
1375;0.8527168155988846
1376;0.8522849487315246
1377;0.8518555422993588
1378;0.8514286338074502
1379;0.8510042584030086
1380;0.8505824488345137
1381;0.8501632354850868
1382;0.8497466463711204
1383;0.8493327071023665
1384;0.8489214411871753
1385;0.848512869791589
1386;0.8481070117953069
1387;0.8477038838466953
1388;0.8473035004217097
1389;0.8469058738648305
1390;0.8465110143067656
1391;0.8461189298560375
1392;0.8457296265747352
1393;0.8453431085182284
1394;0.8449593777763076
1395;0.8445784345156613
1396;0.8442002770235991
1397;0.8438249017529272
1398;0.8434523033678882
1399;0.8430824747910719
1400;0.8427154072512082
1401;0.8423510903317512
1402;0.8419895120201664
1403;0.8416306587578344
1404;0.8412745154904817
1405;0.840921065719059
1406;0.8405702915509775
1407;0.8402221737516283
1408;0.8398766917961016
1409;0.8395338239210284
1410;0.8391935471764733
1411;0.8388558374778009
1412;0.8385206696574489
1413;0.8381880175165385
1414;0.8378578538762581
1415;0.8375301506289552
1416;0.8372048787888775
1417;0.8368820085425077
1418;0.8365615092984325
1419;0.8362433497367002
1420;0.8359274978576083
1421;0.8356139210298859
1422;0.8353025860382146
1423;0.8349934591300577
1424;0.8346865060617495
1425;0.8343816921438162
1426;0.8340789822854882
1427;0.833778341038379
1428;0.8334797326392961
1429;0.8331831210521633
1430;0.8328884700090253
1431;0.8325957430501191
1432;0.8323049035629868
1433;0.832015914820618
1434;0.831728740018603
1435;0.8314433423112876
1436;0.8311596848469154
1437;0.8308777308017513
1438;0.8305974434131772
1439;0.830318786011756
1440;0.83004172205226
1441;0.829766215143661
1442;0.829492229078084
1443;0.8292197278587212
1444;0.8289486757267163
1445;0.828679037187012
1446;0.8284107770331793
1447;0.8281438603712227
1448;0.8278782526423761
1449;0.8276139196448972
1450;0.8273508275548652
1451;0.8270889429460012
1452;0.8268282328085118
1453;0.8265686645669789
1454;0.8263102060972995
1455;0.8260528257426973
1456;0.8257964923288128
1457;0.8255411751778939
1458;0.8252868441220974
1459;0.8250334695159208
1460;0.8247810222477779
1461;0.8245294737507373
1462;0.8242787971840602
1463;0.8240289639421453
1464;0.8237799471478693
1465;0.8235317205037808
1466;0.8232842582989169
1467;0.8230375354148937
1468;0.822791527331283
1469;0.8225462101302986
1470;0.8223015605008089
1471;0.8220575557416946
1472;0.8218141737645713
1473;0.8215713930958943
1474;0.8213291928784668
1475;0.821087552872367
1476;0.8208464534553155
1477;0.8206058756225005
1478;0.8203658009858774
1479;0.8201262117729642
1480;0.8198870908251471
1481;0.8196484215955172
1482;0.8194101881462511
1483;0.8191723751455574
1484;0.8189349678642014
1485;0.818697952171624
1486;0.8184613145316723
1487;0.8182250419979514
1488;0.8179891222088111
1489;0.8177535433819761
1490;0.817518294308824
1491;0.8172833666913178
1492;0.8170487480733484
1493;0.8168144289357843
1494;0.8165804003084315
1495;0.8163466537630588
1496;0.8161131814061694
1497;0.8158799758715064
1498;0.8156470303123892
1499;0.8154143384020931
1500;0.8151818943113737
1501;0.814949692707103
1502;0.8147177287440177
1503;0.814485998056333
1504;0.8142544967494805
1505;0.8140232213906842
1506;0.813792169002588
1507;0.8135613370538394
1508;0.8133307234449912
1509;0.813100326503895
1510;0.812870144976508
1511;0.8126401780177207
1512;0.8124104251821753
1513;0.812180884834713
1514;0.8119515590054973
1515;0.8117224483874009
1516;0.811493554036823
1517;0.8112648773643386
1518;0.8110364201253815
1519;0.8108081844109595
1520;0.8105801726384007
1521;0.8103523875421397
1522;0.8101248321645409
1523;0.8098975098467668
1524;0.8096704242196943
1525;0.8094435791948842
1526;0.8092169789556058
1527;0.8089906279479263
1528;0.808764530871862
1529;0.8085386926726023
1530;0.808313118531805
1531;0.8080878138589717
1532;0.8078627842829027
1533;0.8076380356432358
1534;0.8074135739820758
1535;0.8071894055357128
1536;0.8069655367264351
1537;0.8067419741544394
1538;0.8065187245898392
1539;0.8062957949647774
1540;0.8060731922335843
1541;0.8058509237814613
1542;0.805628996979082
1543;0.8054074193287123
1544;0.8051861984568596
1545;0.8049653421070329
1546;0.8047448581326205
1547;0.8045247544898805
1548;0.804305039231049
1549;0.8040857204975669
1550;0.8038668065134233
1551;0.8036483055786203
1552;0.8034302260627544
1553;0.8032125763987219
1554;0.8029953650765419
1555;0.8027786006373007
1556;0.8025622916672186
1557;0.8023464467918359
1558;0.8021310746703212
1559;0.8019161839898993
1560;0.8017017834604013
1561;0.8014878818089337
1562;0.8012744877746685
1563;0.801061610103752
1564;0.8008492575443337
1565;0.8006374388417128
1566;0.8004261627336033
1567;0.8002154379455156
1568;0.8000052731862549
1569;0.7997956771435355
1570;0.7995866584797088
1571;0.7993782258276065
1572;0.7991703877864963
1573;0.7989631529181481
1574;0.7987565297430137
1575;0.7985505267365134
1576;0.7983451523254333
1577;0.7981404148844292
1578;0.7979363227326373
1579;0.7977328841303881
1580;0.7975301072760277
1581;0.7973280003028363
1582;0.7971265712760534
1583;0.7969258281899951
1584;0.7967257789652753
1585;0.796526431444274
1586;0.7963277933908753
1587;0.7961298724882849
1588;0.7959326763358772
1589;0.7957362124468869
1590;0.7955404882461965
1591;0.7953455110682079
1592;0.7951512881548047
1593;0.7949578266533986
1594;0.7947651336150628
1595;0.7945732159927464
1596;0.7943820806395727
1597;0.7941917343072168
1598;0.7940021836443619
1599;0.7938134351952353
1600;0.7936254953982171
1601;0.7934383705845284
1602;0.7932520669769872
1603;0.7930665906888418
1604;0.7928819477226704
1605;0.7926981439693526
1606;0.7925151852071072
1607;0.7923330770989118
1608;0.7921518251917603
1609;0.791971434920967
1610;0.7917919116060002
1611;0.7916132604498329
1612;0.7914354865383569
1613;0.7912585948398544
1614;0.7910825902045272
1615;0.7909074773640828
1616;0.7907332609313737
1617;0.790559945400092
1618;0.7903875351445123
1619;0.7902160344192907
1620;0.7900454473593075
1621;0.7898757779795627
1622;0.7897070301751149
1623;0.7895392077210693
1624;0.7893723142726069
1625;0.7892063533650593
1626;0.7890413284140259
1627;0.7888772427155297
1628;0.7887140994462171
1629;0.7885519016635921
1630;0.7883906523062921
1631;0.7882303541943982
1632;0.7880710100297814
1633;0.7879126223964841
1634;0.7877551937611356
1635;0.7875987264733979
1636;0.7874432227664457
1637;0.7872886847574766
1638;0.7871351144482475
1639;0.7869825137256462
1640;0.7868308843622838
1641;0.7866802280171197
1642;0.7865305462361074
1643;0.7863818404528711
1644;0.7862341119894005
1645;0.7860873620567739
1646;0.7859415917559001
1647;0.7857968020782846
1648;0.7856529939068162
1649;0.7855101680165711
1650;0.785368325075641
1651;0.7852274656459746
1652;0.7850875901842411
1653;0.7849486990427083
1654;0.7848107924701372
1655;0.784673870612694
1656;0.7845379335148747
1657;0.7844029811204459
1658;0.7842690132733972
1659;0.7841360297189084
1660;0.7840040301043283
1661;0.7838730139801644
1662;0.7837429808010854
1663;0.7836139299269316
1664;0.7834858606237382
1665;0.7833587720647653
1666;0.7832326633315384
1667;0.7831075334148961
1668;0.7829833812160455
1669;0.7828602055476251
1670;0.782738005134775
1671;0.7826167786162107
1672;0.7824965245453063
1673;0.7823772413911788
1674;0.7822589275397808
1675;0.7821415812949949
1676;0.7820252008797322
1677;0.7819097844370356
1678;0.781795330031185
1679;0.7816818356488041
1680;0.7815692991999719
1681;0.7814577185193325
1682;0.7813470913672101
1683;0.7812374154307216
1684;0.781128688324891
1685;0.7810209075937656
1686;0.7809140707115301
1687;0.7808081750836195
1688;0.7807032180478356
1689;0.7805991968754571
1690;0.7804961087723514
1691;0.7803939508800852
1692;0.7802927202770303
1693;0.78019241397947
1694;0.7800930289427022
1695;0.7799945620621384
1696;0.7798970101744006
1697;0.7798003700584171
1698;0.7797046384365095
1699;0.7796098119754818
1700;0.7795158872877013
1701;0.7794228609321773
1702;0.7793307294156342
1703;0.7792394891935822
1704;0.7791491366713799
1705;0.7790596682052938
1706;0.7789710801035539
1707;0.7788833686274003
1708;0.778796529992127
1709;0.7787105603681204
1710;0.7786254558818883
1711;0.7785412126170876
1712;0.7784578266155426
1713;0.7783752938782567
1714;0.7782936103664206
1715;0.7782127720024107
1716;0.7781327746707822
1717;0.7780536142192555
1718;0.777975286459695
1719;0.777897787169081
1720;0.7778211120904739
1721;0.7777452569339729
1722;0.7776702173776645
1723;0.7775959890685656
1724;0.7775225676235586
1725;0.7774499486303175
1726;0.7773781276482282
1727;0.7773071002092995
1728;0.7772368618190671
1729;0.7771674079574882
1730;0.7770987340798304
1731;0.7770308356175496
1732;0.7769637079791623
1733;0.776897346551108
1734;0.7768317466986038
1735;0.7767669037664912
1736;0.7767028130800734
1737;0.7766394699459458
1738;0.7765768696528158
1739;0.7765150074723166
1740;0.7764538786598105
1741;0.7763934784551851
1742;0.7763338020836393
1743;0.7762748447564624
1744;0.7762166016718042
1745;0.7761590680154349
1746;0.7761022389614992
1747;0.7760461096732584
1748;0.7759906753038269
1749;0.7759359309968986
1750;0.7758818718874637
1751;0.7758284931025192
1752;0.7757757897617686
1753;0.7757237569783141
1754;0.775672389859339
1755;0.7756216835067835
1756;0.7755716330180097
1757;0.775522233486459
1758;0.7754734800023008
1759;0.7754253676530726
1760;0.775377891524311
1761;0.7753310467001754
1762;0.7752848282640611
1763;0.7752392312992064
1764;0.7751942508892886
1765;0.7751498821190143
1766;0.7751061200746978
1767;0.7750629598448355
1768;0.7750203965206669
1769;0.7749784251967317
1770;0.7749370409714154
1771;0.7748962389474892
1772;0.7748560142326384
1773;0.7748163619399867
1774;0.7747772771886084
1775;0.7747387551040347
1776;0.774700790818752
1777;0.7746633794726902
1778;0.7746265162137056
1779;0.7745901961980536
1780;0.7745544145905938
1781;0.7745191665656307
1782;0.7744844473073973
1783;0.7744502520103405
1784;0.7744165758795561
1785;0.7743834141312144
1786;0.7743507619929798
1787;0.7743186147044223
1788;0.7742869675174212
1789;0.774255815696561
1790;0.7742251545195213
1791;0.7741949792774573
1792;0.7741652852753741
1793;0.7741360678324948
1794;0.7741073222826182
1795;0.7740790439744726
1796;0.7740512282720607
1797;0.7740238705549977
1798;0.773996966218843
1799;0.7739705106754238
1800;0.7739444993531532
1801;0.7739189276973405
1802;0.773893791170494
1803;0.7738690852526199
1804;0.7738448054415107
1805;0.7738209472530307
1806;0.7737975062213915
1807;0.7737744778994239
1808;0.7737518578588419
1809;0.7737296416905
1810;0.7737078250046454
1811;0.7736864034311637
1812;0.7736653726198164
1813;0.7736447282404756
1814;0.7736244659833499
1815;0.7736045815592064
1816;0.7735850706995838
1817;0.7735659291570036
1818;0.7735471527051714
1819;0.7735287371391759
1820;0.7735106782756799
1821;0.773492971953106
1822;0.7734756140318184
1823;0.7734586003942967
1824;0.7734419269453059
1825;0.7734255896120604
1826;0.7734095843443832
1827;0.7733939071148591
1828;0.7733785539189829
1829;0.7733635207753023
1830;0.7733488037255568
1831;0.7733343988348099
1832;0.7733203021915778
1833;0.7733065099079512
1834;0.7732930181197158
1835;0.7732798229864635
1836;0.7732669206917023
1837;0.7732543074429608
1838;0.7732419794718857
1839;0.773229933034339
1840;0.7732181644104876
1841;0.7732066699048885
1842;0.7731954458465711
1843;0.7731844885891146
1844;0.7731737945107195
1845;0.773163360014232
1846;0.7731531815273135
1847;0.7731432555024415
1848;0.7731335784169658
1849;0.7731241467731609
1850;0.7731149570982752
1851;0.773106005944576
1852;0.7730972898893907
1853;0.773088805535144
1854;0.7730805495093924
1855;0.7730725184648529
1856;0.7730647090794313
1857;0.773057118056244
1858;0.7730497421236388
1859;0.7730425780352098
1860;0.7730356225698115
1861;0.773028872531568
1862;0.7730223247498795
1863;0.7730159760794253
1864;0.7730098234001641
1865;0.7730038636173313
1866;0.772998093661433
1867;0.7729925104882375
1868;0.7729871110787623
1869;0.7729818924392609
1870;0.7729768516012049
1871;0.7729719856212641
1872;0.7729672915812833
1873;0.7729627665882576
1874;0.7729584077743035
1875;0.7729542122966291
1876;0.7729501773375015
1877;0.7729463001042106
1878;0.7729425778290315
1879;0.7729390077691853
1880;0.7729355872067958
1881;0.7729323134488454
1882;0.7729291838271287
1883;0.7729261956982035
1884;0.7729233464433398
1885;0.7729206334684677
1886;0.7729180542041214
1887;0.7729156061053839
1888;0.7729132866518269
1889;0.7729110933474526
1890;0.7729090237206289
1891;0.772907075324028
1892;0.7729052457345599
1893;0.7729035325533044
1894;0.7729019334054446
1895;0.7729004459401942
1896;0.7728990678307284
1897;0.7728977967741083
1898;0.7728966304912085
1899;0.7728955667266402
1900;0.7728946032486741
1901;0.7728937378491628
1902;0.7728929683434608
1903;0.7728922925703438
1904;0.7728917083919267
1905;0.7728912136935818
1906;0.7728908063838538
1907;0.7728904843943756
1908;0.7728902456797824
1909;0.7728900882176253
1910;0.7728900100082836
1911;0.7728900090748769
1912;0.7728900834631753
1913;0.7728902312415111
1914;0.7728904505006867
1915;0.7728907393538856
1916;0.772891095936579
1917;0.7728915184064349
1918;0.7728920049432251
1919;0.772892553748732
1920;0.7728931630466552
1921;0.7728938310825184
1922;0.7728945561235736
1923;0.7728953364587088
1924;0.7728961703983511
1925;0.7728970562743736
1926;0.7728979924399986
1927;0.7728989772697044
1928;0.7729000091591276
1929;0.77290108652497
1930;0.7729022078049014
1931;0.772903371457465
1932;0.7729045759619817
1933;0.7729058198184556
1934;0.7729071015474782
1935;0.7729084196901327
1936;0.7729097728079012
1937;0.7729111594825678
1938;0.7729125783161261
1939;0.7729140279306846
1940;0.7729155069683724
1941;0.7729170140912469
1942;0.7729185479812002
1943;0.7729201073398667
1944;0.7729216908885312
1945;0.7729232973680372
1946;0.7729249255386965
1947;0.7729265741801972
1948;0.7729282420915154
1949;0.7729299280908252
1950;0.7729316310154096
1951;0.7729333497215731
1952;0.7729350830845539
1953;0.772936829998438
1954;0.772938589376072
1955;0.7729403601489788
1956;0.7729421412672739
1957;0.7729439316995798
1958;0.7729457304329446
1959;0.7729475364727606
1960;0.7729493488426813
1961;0.7729511665845431
1962;0.7729529887582847
1963;0.7729548144418693
1964;0.772956642731207
1965;0.7729584727400779
1966;0.772960303600057
1967;0.7729621344604387
1968;0.7729639644881648
1969;0.7729657928677492
1970;0.7729676188012089
1971;0.7729694415079913
1972;0.7729712602249056
1973;0.7729730742060538
1974;0.772974882722763
1975;0.772976685063519
1976;0.7729784805339007
1977;0.772980268456516
1978;0.7729820481709377
1979;0.7729838190336432
1980;0.7729855804179513
1981;0.7729873317139652
1982;0.7729890723285128
1983;0.7729908016850919
1984;0.7729925192238163
1985;0.7729942244006629
1986;0.7729959166880757
1987;0.7729975955754531
1988;0.77299926056856
1989;0.7730009111894739
1990;0.7730025469765305
1991;0.7730041674842699
1992;0.7730057722833853
1993;0.7730073609606699
1994;0.7730089331189662
1995;0.7730104883771148
1996;0.7730120263699046
1997;0.773013546748022
1998;0.7730150491759923
1999;0.7730165333360747
2000;0.7730179989264124
2001;0.7730194456608354
2002;0.7730208732688161
2003;0.7730222814954245
2004;0.773023670101282
2005;0.7730250388625144
2006;0.773026387570705
2007;0.7730277160328467
2008;0.7730290240712947
2009;0.7730303115237176
2010;0.7730315782430485
2011;0.7730328240974357
2012;0.7730340489701932
2013;0.7730352527597496
2014;0.7730364353795965
2015;0.7730375967582375
2016;0.7730387368391336
2017;0.7730398555806507
2018;0.7730409529560038
2019;0.7730420289532011
2020;0.7730430835749866
2021;0.7730441168387815
2022;0.7730451287766241
2023;0.7730461194351086
2024;0.7730470888753217
2025;0.7730480371727771
2026;0.7730489644173509
2027;0.7730498707132113
2028;0.7730507561787491
2029;0.773051620946506
2030;0.7730524651630991
2031;0.7730532889891445
2032;0.773054092599179
2033;0.7730548761815782
2034;0.7730556399384734
2035;0.7730563840856646
2036;0.7730571088525318
2037;0.7730578144819443
2038;0.7730585012301656
2039;0.7730591693667564
2040;0.7730598191744754
2041;0.7730604509491753
2042;0.7730610649996976
2043;0.7730616616477645
2044;0.7730622412278649
2045;0.773062804087142
2046;0.7730633505852724
2047;0.7730638810943472
2048;0.7730643959987453
2049;0.7730648956950077
2050;0.7730653805917046
2051;0.7730658511093023
2052;0.7730663076800256
2053;0.7730667507477174
2054;0.7730671807676941
2055;0.7730675982065993
2056;0.7730680035422539
2057;0.773068397263502
2058;0.7730687798700554
2059;0.7730691518723346
2060;0.7730695137913053
2061;0.7730698661583149
2062;0.7730702095149236
2063;0.7730705444127347
2064;0.7730708714132206
2065;0.7730711910875471
2066;0.7730715040040563
2067;0.773071810765807
2068;0.7730721119720688
2069;0.7730724082310824
2070;0.7730727001598694
2071;0.773072988384045
2072;0.7730732735376257
2073;0.7730735562628359
2074;0.7730738372099148
2075;0.7730741170369174
2076;0.7730743964095168
2077;0.7730746760008045
2078;0.7730749564910869
2079;0.7730752385676811
2080;0.7730755229247075
2081;0.7730758102628787
2082;0.7730761012998039
2083;0.7730763967447507
2084;0.7730766973173564
2085;0.7730770037431531
2086;0.7730773167533458
2087;0.7730776370845058
2088;0.7730779654784213
2089;0.7730783026820217
2090;0.7730786494470052
2091;0.7730790065295601
2092;0.7730793746902789
2093;0.7730797546515265
2094;0.7730801472196261
2095;0.7730805531672276
2096;0.7730809732704639
2097;0.7730814083088781
2098;0.7730818590651023
2099;0.773082326324673
2100;0.7730828108758147
2101;0.7730833135092183
2102;0.7730838350178201
2103;0.7730843761965736
2104;0.773084937842221
2105;0.7730855207530581
2106;0.7730861257286956
2107;0.7730867535435988
2108;0.7730874050248606
2109;0.7730880809746825
2110;0.7730887821955639
2111;0.7730895094900327
2112;0.7730902636603697
2113;0.7730910455083226
2114;0.7730918558348122
2115;0.773092695439628
2116;0.7730935651211134
2117;0.77309446567584
2118;0.7730953978982691
2119;0.7730963625804033
2120;0.7730973605114211
2121;0.7730983924763102
2122;0.7730994592583215
2123;0.7731005616358423
2124;0.773101700382839
2125;0.773102876268419
2126;0.7731040900563733
2127;0.7731053425047054
2128;0.7731066343651382
2129;0.7731079663826054
2130;0.7731093392947223
2131;0.7731107538312394
2132;0.773112210713474
2133;0.7731137106537244
2134;0.773115254354663
2135;0.7731168425087086
2136;0.7731184757973819
2137;0.7731201548906367
2138;0.7731218804461747
2139;0.7731236531087385
2140;0.7731254735093872
2141;0.7731273422647515
2142;0.773129259976271
2143;0.7731312272294139
2144;0.7731332445928784
2145;0.7731353126177807
2146;0.7731374318368229
2147;0.7731396027634516
2148;0.7731418258909987
2149;0.7731441016918126
2150;0.773146430616379
2151;0.7731488130924286
2152;0.7731512495240418
2153;0.7731537402907428
2154;0.7731562857465915
2155;0.7731588862192708
2156;0.7731615420091739
2157;0.7731642533884926
2158;0.7731670206003057
2159;0.7731698438576764
2160;0.7731727233427529
2161;0.7731756592058796
2162;0.7731786515647208
2163;0.7731817005033946
2164;0.7731848060716269
2165;0.7731879682839197
2166;0.773191187118742
2167;0.7731944625177432
2168;0.7731977943849915
2169;0.773201182586239
2170;0.7732046269482175
2171;0.7732081272579666
2172;0.7732116832621947
2173;0.7732152946666774
2174;0.7732189611356949
2175;0.7732226822915086
2176;0.7732264577138831
2177;0.7732302869396489
2178;0.7732341694623154
2179;0.7732381047317296
2180;0.773242092153787
2181;0.773246131090191
2182;0.7732502208582682
2183;0.7732543607308359
2184;0.7732585499361252
2185;0.7732627876577628
2186;0.7732670730348066
2187;0.7732714051618429
2188;0.7732757830891398
2189;0.7732802058228625
2190;0.7732846723253461
2191;0.7732891815154304
2192;0.7732937322688519
2193;0.7732983234187004
2194;0.7733029537559302
2195;0.7733076220299346
2196;0.7733123269491777
2197;0.7733170671818835
2198;0.7733218413567855
2199;0.7733266480639288
2200;0.7733314858555315
2201;0.7733363532468978
2202;0.7733412487173841
2203;0.7733461707114185
2204;0.7733511176395685
2205;0.7733560878796566
2206;0.773361079777924
2207;0.7733660916502376
2208;0.7733711217833393
2209;0.7733761684361373
2210;0.7733812298410343
2211;0.7733863042052921
2212;0.7733913897124304
2213;0.7733964845236571
2214;0.7734015867793272
2215;0.7734066946004293
2216;0.7734118060900947
2217;0.7734169193351295
2218;0.7734220324075657
2219;0.7734271433662282
2220;0.7734322502583163
2221;0.7734373511209968
2222;0.7734424439830048
2223;0.7734475268662528
2224;0.773452597787442
2225;0.7734576547596754
2226;0.7734626957940696
2227;0.7734677189013637
2228;0.7734727220935204
2229;0.7734777034490103
2230;0.7734826609243426
2231;0.7734875925446978
2232;0.7734924963427956
2233;0.7734973703604342
2234;0.7735022126500104
2235;0.7735070212760183
2236;0.7735117943165265
2237;0.7735165298646269
2238;0.7735212260298605
2239;0.7735258809396112
2240;0.7735304927404713
2241;0.7735350595995728
2242;0.7735395797058853
2243;0.773544051271484
2244;0.7735484725329574
2245;0.7735528417525135
2246;0.7735571572190447
2247;0.7735614172492314
2248;0.7735656203078607
2249;0.7735697646458447
2250;0.7735738486696511
2251;0.7735778708176638
2252;0.7735818295615354
2253;0.7735857234062655
2254;0.7735895508914205
2255;0.7735933105919248
2256;0.7735970011188181
2257;0.773600621120191
2258;0.7736041692812217
2259;0.7736076442592289
2260;0.773611044895249
2261;0.7736143699898191
2262;0.7736176183833089
2263;0.7736207889563194
2264;0.7736238806300567
2265;0.7736268923666748
2266;0.7736298231695795
2267;0.7736326720836988
2268;0.7736354381957116
2269;0.7736381206342405
2270;0.7736407185700055
2271;0.773643231210782
2272;0.7736456578195692
2273;0.773647997693697
2274;0.7736502501728472
2275;0.7736524146390219
2276;0.7736544905164783
2277;0.7736564772716302
2278;0.7736583744129153
2279;0.7736601814906312
2280;0.7736618980967419
2281;0.7736635238646499
2282;0.7736650584689442
2283;0.7736665016251159
2284;0.7736678530892479
2285;0.7736691126576783
2286;0.7736702801666382
2287;0.7736713554918638
2288;0.7736723385481875
2289;0.7736732292891036
2290;0.7736740277063143
2291;0.7736747338292544
2292;0.7736753477245967
2293;0.7736758694957381
2294;0.7736762992822687
2295;0.773676637259424
2296;0.7736768836375206
2297;0.7736770386613787
2298;0.7736771026097281
2299;0.7736770757946054
2300;0.7736769585607501
2301;0.7736767512849444
2302;0.7736764543753886
2303;0.7736760682710533
2304;0.7736755934410211
2305;0.7736750303838219
2306;0.7736743796267597
2307;0.7736736417252342
2308;0.7736728172620562
2309;0.773671906846759
2310;0.7736709111149047
2311;0.7736698307273884
2312;0.7736686663697379
2313;0.7736674187514141
2314;0.7736660886051071
2315;0.7736646766860344
2316;0.7736631837712366
2317;0.7736616106588751
2318;0.7736599581675305
2319;0.7736582271355025
2320;0.773656418420112
2321;0.7736545328970067
2322;0.7736525714594679
2323;0.7736505350177227
2324;0.7736484244982613
2325;0.7736462408431557
2326;0.7736439850093864
2327;0.7736416579681741
2328;0.7736392607043164
2329;0.773636794215533
2330;0.773634259511816
2331;0.7736316576147911
2332;0.7736289895570849
2333;0.7736262563815104
2334;0.7736234591376117
2335;0.7736205988869168
2336;0.7736176766994473
2337;0.7736146936531177
2338;0.7736116508331456
2339;0.773608549331466
2340;0.7736053902461588
2341;0.773602174680883
2342;0.7735989037443207
2343;0.7735955785496302
2344;0.7735922002139081
2345;0.7735887698576612
2346;0.7735852886042892
2347;0.7735817575795738
2348;0.7735781779111817
2349;0.773574550728174
2350;0.7735708771590233
2351;0.7735671583333569
2352;0.7735633953818046
2353;0.7735595894345083
2354;0.7735557416206855
2355;0.7735518530682067
2356;0.7735479249031758
2357;0.7735439582495248
2358;0.773539954228615
2359;0.7735359139588482
2360;0.77353183855529
2361;0.7735277291292986
2362;0.7735235867881672
2363;0.773519412634774
2364;0.7735152077672416
2365;0.7735109732786082
2366;0.7735067102565053
2367;0.7735024197828474
2368;0.7734981029335298
2369;0.7734937607781367
2370;0.7734893943796565
2371;0.77348500479421
2372;0.7734805930707833
2373;0.7734761602509739
2374;0.7734717073687414
2375;0.7734672354501716
2376;0.7734627455132455
2377;0.7734582385676186
2378;0.7734537156144093
2379;0.7734491776459935
2380;0.7734446256458101
2381;0.7734400605881722
2382;0.7734354834380889
2383;0.7734308951510916
2384;0.7734262966730718
2385;0.7734216889401242
2386;0.7734170728783977
2387;0.773412449403954
2388;0.7734078194226341
2389;0.7734031838299308
2390;0.7733985435108696
2391;0.7733938993398948
2392;0.7733892521807637
2393;0.7733846028864477
2394;0.773379952299038
2395;0.7733753012496606
2396;0.7733706505583939
2397;0.7733660010341968
2398;0.773361353474839
2399;0.773356708666839
